repetition,node_startup_ms,bun_startup_ms
1,121.701111,31.680503
2,124.580855,36.223361
3,122.345130,30.662460
4,119.427617,26.320307
5,120.289096,31.968383
6,115.272249,26.961710
7,119.204589,32.766693
8,119.273124,32.658852
9,112.533393,28.056920
10,120.734776,34.406618
11,129.413005,31.621915
12,115.198142,34.359795
13,128.667764,30.563806
14,133.643940,37.292975
15,115.763986,31.162573
16,114.563481,32.236812
17,132.451775,27.496898
18,117.264617,25.362949
19,123.034359,27.072317
20,114.827089,34.776926
21,127.171181,33.239368
22,119.266720,31.685527
23,134.773845,30.380460
24,121.039820,24.865132
25,129.276602,67.701324
26,135.535096,30.758592
27,125.288885,41.144578
28,133.213295,29.204116
29,116.934653,32.750347
30,132.746263,32.077394
31,131.056236,30.272750
32,128.581260,33.086568
33,122.950916,38.969973
34,119.443918,34.576415
35,125.987248,35.645993
36,116.155101,40.762606
37,130.016309,28.767877
38,123.329027,34.786935
39,133.160124,28.210786
40,128.959257,40.986000
41,142.607230,36.544874
42,123.322023,31.339445
43,128.459744,35.660583
44,114.851791,29.196116
45,130.337110,32.724774
46,134.536977,97.735555
47,125.737700,33.956391
48,131.924105,37.387141
49,127.396415,36.710584
50,121.776822,34.239606
51,127.883201,29.262195
52,127.253899,32.996944
53,125.631520,29.628479
54,118.582345,29.252874
55,134.590690,30.961086
56,128.903646,31.796452
57,112.687983,29.125507
58,126.362409,33.899751
59,127.564149,28.289812
60,118.534320,40.294459
61,123.250543,28.188220
62,134.321842,28.952826
63,128.920420,36.666769
64,114.259259,24.949855
65,119.218112,31.524154
66,121.930966,91.944837
67,116.945369,29.697466
68,121.572746,30.424017
69,133.514445,30.595006
70,122.071806,34.556484
71,128.535622,32.444565
72,120.534376,30.327983
73,114.184946,40.981890
74,125.965995,39.412860
75,126.691422,30.383306
76,130.861593,35.575353
77,140.227716,37.494429
78,127.810948,33.697041
79,114.436956,33.073021
80,120.718669,39.669072
81,127.185608,32.972728
82,117.477798,35.477941
83,128.940114,34.429108
84,115.163450,33.165488
85,131.586665,29.296008
86,114.714389,34.265175
87,121.965776,29.715849
88,121.262065,31.427235
89,119.117748,31.055037
90,111.407431,28.643875
91,115.853329,33.117252
92,129.146914,26.614996
93,122.096458,31.647602
94,135.855235,34.525847
95,120.497977,32.931300
96,126.488170,33.418198
97,117.607656,26.216336
98,120.950724,30.930618
99,130.011184,31.798786
100,133.948851,28.299992
