scenario,runtime,repetition,resource_samples_used,cpu_mean_percent,memory_mean_mib,duration_seconds,successful_requests_2xx,normalized_cpu_seconds_per_1000_requests
auth,bun,1,13,92.92,31.54,30.12,2276,12.2964
auth,node,1,13,93.12,25.96,30.11,2239,12.5224
auth,bun,2,13,93.09,31.36,30.14,2275,12.3324
auth,node,2,13,93.07,26.98,30.13,2244,12.4964
auth,bun,3,13,92.99,31.67,30.15,2277,12.3132
auth,node,3,13,93.39,26.90,30.14,2246,12.5322
auth,bun,4,13,92.91,30.88,30.13,2273,12.3158
auth,node,4,13,93.15,26.59,30.16,2251,12.4809
auth,bun,5,13,93.01,31.04,30.15,2279,12.3043
auth,node,5,13,93.12,27.10,30.17,2244,12.5203
auth,bun,6,13,93.14,30.53,30.13,2272,12.3520
auth,node,6,13,93.12,27.43,30.16,2250,12.4821
auth,bun,7,13,93.13,30.76,30.13,2275,12.3336
auth,node,7,13,93.30,27.55,30.13,2242,12.5383
auth,bun,8,13,93.18,31.83,30.13,2272,12.3565
auth,node,8,13,93.07,26.99,30.12,2243,12.4972
auth,bun,9,13,92.88,31.21,30.13,2272,12.3172
auth,node,9,13,93.26,28.42,30.16,2244,12.5349
auth,bun,10,13,93.24,31.45,30.13,2277,12.3381
auth,node,10,13,92.99,26.68,30.11,2243,12.4828
auth,bun,11,13,92.92,31.27,30.13,2283,12.2632
auth,node,11,13,92.89,28.13,30.13,2213,12.6475
auth,bun,12,13,93.00,31.71,30.14,2275,12.3209
auth,node,12,13,93.11,26.58,30.12,2239,12.5256
auth,bun,13,13,93.07,30.92,30.15,2280,12.3067
auth,node,13,13,93.55,26.91,30.11,2241,12.5689
auth,bun,14,13,93.08,31.17,30.11,2276,12.3137
auth,node,14,13,93.02,27.58,30.18,2243,12.5163
auth,bun,15,13,93.14,30.78,30.16,2283,12.3041
auth,node,15,13,93.23,27.64,30.15,2244,12.5264
auth,bun,16,13,93.14,31.05,30.12,2282,12.2936
auth,node,16,13,93.00,27.65,30.16,2245,12.4935
auth,bun,17,13,93.20,31.47,30.14,2277,12.3362
auth,node,17,13,93.07,27.48,30.12,2238,12.5264
auth,bun,18,13,93.07,32.13,30.15,2278,12.3181
auth,node,18,13,93.01,27.81,30.16,2246,12.4898
auth,bun,19,13,93.25,31.02,30.15,2286,12.2988
auth,node,19,13,93.20,26.85,30.10,2239,12.5292
auth,bun,20,13,92.97,32.10,30.13,2273,12.3242
auth,node,20,13,93.16,26.83,30.15,2243,12.5218
auth,bun,21,13,92.82,30.96,30.14,2268,12.3351
auth,node,21,13,93.32,27.38,30.15,2245,12.5321
auth,bun,22,13,93.29,30.92,30.19,2282,12.3414
auth,node,22,13,93.06,27.23,30.15,2242,12.5142
auth,bun,23,13,93.07,30.61,30.16,2279,12.3172
auth,node,23,13,93.25,26.81,30.11,2243,12.5181
auth,bun,24,13,93.20,31.24,30.16,2269,12.3888
auth,node,24,13,93.09,27.12,30.14,2245,12.4973
auth,bun,25,13,92.85,31.71,30.15,2282,12.2670
auth,node,25,13,93.00,26.57,30.13,2238,12.5209
compute,bun,1,13,92.80,41.18,30.30,425,66.1642
compute,node,1,13,94.65,46.59,30.30,302,94.9619
compute,bun,2,13,93.04,43.59,30.26,430,65.4737
compute,node,2,13,94.22,45.97,30.28,305,93.5419
compute,bun,3,13,92.79,42.13,30.24,428,65.5595
compute,node,3,13,94.63,44.88,30.24,304,94.1335
compute,bun,4,13,92.90,42.37,30.23,428,65.6193
compute,node,4,13,94.98,44.09,30.25,303,94.8210
compute,bun,5,13,92.71,42.29,30.29,429,65.4611
compute,node,5,13,95.13,41.29,30.26,303,95.0006
compute,bun,6,13,93.11,41.58,30.28,429,65.7196
compute,node,6,13,94.87,44.59,30.24,303,94.6821
compute,bun,7,13,93.09,41.35,30.26,430,65.5083
compute,node,7,13,94.69,46.47,30.28,304,94.3178
compute,bun,8,13,92.91,44.26,30.33,428,65.8391
compute,node,8,13,94.68,46.26,30.28,304,94.3078
compute,bun,9,13,92.99,42.32,30.31,431,65.3924
compute,node,9,13,95.21,41.92,30.24,302,95.3338
compute,bun,10,13,93.11,43.41,30.25,429,65.6512
compute,node,10,13,94.76,45.55,30.26,304,94.3236
compute,bun,11,13,92.89,43.73,30.20,429,65.3884
compute,node,11,13,94.60,45.02,30.29,303,94.5672
compute,bun,12,13,92.77,40.60,30.28,430,65.3295
compute,node,12,13,94.60,43.83,30.31,303,94.6358
compute,bun,13,13,92.85,43.74,30.27,430,65.3605
compute,node,13,13,94.99,44.41,30.31,303,95.0206
compute,bun,14,13,93.06,44.29,30.33,430,65.6408
compute,node,14,13,95.11,41.30,30.32,303,95.1689
compute,bun,15,13,92.75,42.17,30.31,430,65.3769
compute,node,15,13,94.68,47.99,30.34,305,94.1818
compute,bun,16,13,93.04,40.24,30.33,431,65.4723
compute,node,16,13,94.38,48.45,30.25,301,94.8527
compute,bun,17,13,92.81,42.50,30.26,427,65.7739
compute,node,17,13,94.52,47.62,30.22,301,94.8991
compute,bun,18,13,92.98,42.41,30.29,429,65.6501
compute,node,18,13,94.53,48.42,30.22,303,94.2812
compute,bun,19,13,92.91,42.70,30.26,428,65.6861
compute,node,19,13,94.83,42.23,30.21,302,94.8576
compute,bun,20,13,93.07,43.71,30.27,429,65.6718
compute,node,20,13,94.59,42.14,30.24,299,95.6648
compute,bun,21,13,92.78,42.31,30.27,428,65.6169
compute,node,21,13,94.84,45.32,30.26,303,94.7148
compute,bun,22,13,93.11,42.09,30.33,430,65.6756
compute,node,22,13,94.26,47.91,30.28,304,93.8849
compute,bun,23,13,92.89,41.79,30.26,430,65.3676
compute,node,23,13,95.08,44.16,30.29,305,94.4276
compute,bun,24,13,93.09,42.80,30.32,430,65.6393
compute,node,24,13,94.23,50.05,30.27,302,94.4530
compute,bun,25,13,92.85,43.00,30.23,427,65.7365
compute,node,25,13,94.49,47.31,30.31,304,94.2057
file-read,bun,1,13,19.18,83.35,30.16,1573,3.6770
file-read,node,1,13,28.69,281.03,30.14,1959,4.4135
file-read,bun,2,13,17.52,92.37,30.16,1513,3.4920
file-read,node,2,13,27.90,275.20,30.16,1913,4.3990
file-read,bun,3,13,18.83,97.71,30.19,1461,3.8905
file-read,node,3,13,28.41,281.54,30.19,2004,4.2800
file-read,bun,4,13,18.23,102.84,30.18,1548,3.5532
file-read,node,4,13,26.76,278.08,30.13,1866,4.3201
file-read,bun,5,13,18.38,95.60,30.17,1618,3.4277
file-read,node,5,13,28.57,280.19,30.17,1980,4.3536
file-read,bun,6,13,17.41,82.25,30.21,1551,3.3903
file-read,node,6,13,26.05,282.26,30.18,1862,4.2230
file-read,bun,7,13,18.85,90.09,30.23,1688,3.3762
file-read,node,7,13,26.44,285.15,30.17,1840,4.3350
file-read,bun,8,13,18.52,86.19,30.20,1572,3.5570
file-read,node,8,13,27.11,282.58,30.14,1896,4.3092
file-read,bun,9,13,17.41,92.05,30.17,1558,3.3711
file-read,node,9,13,26.84,280.87,30.17,1839,4.4035
file-read,bun,10,13,19.46,93.26,30.17,1716,3.4221
file-read,node,10,13,27.39,282.32,30.16,1869,4.4207
file-read,bun,11,13,17.83,86.69,30.22,1489,3.6195
file-read,node,11,13,26.81,280.67,30.16,1840,4.3943
file-read,bun,12,13,20.04,96.89,30.18,1595,3.7915
file-read,node,12,13,27.37,275.62,30.17,1918,4.3053
file-read,bun,13,13,16.97,92.45,30.25,1482,3.4629
file-read,node,13,13,27.45,283.90,30.15,1960,4.2223
file-read,bun,14,13,18.71,96.76,30.18,1643,3.4367
file-read,node,14,13,28.29,272.37,30.18,1980,4.3116
file-read,bun,15,13,17.51,87.59,30.18,1560,3.3877
file-read,node,15,13,27.66,276.40,30.17,1974,4.2272
file-read,bun,16,13,18.15,94.23,30.18,1576,3.4766
file-read,node,16,13,28.37,271.44,30.18,1919,4.4621
file-read,bun,17,13,17.88,85.80,30.20,1540,3.5069
file-read,node,17,13,28.44,284.88,30.17,1927,4.4528
file-read,bun,18,13,18.18,86.84,30.20,1566,3.5066
file-read,node,18,13,27.15,274.51,30.19,1898,4.3184
file-read,bun,19,13,17.58,88.96,30.22,1620,3.2801
file-read,node,19,13,28.34,276.60,30.13,1977,4.3185
file-read,bun,20,13,17.35,90.77,30.13,1510,3.4610
file-read,node,20,13,27.86,278.22,30.19,1953,4.3060
file-read,bun,21,13,18.41,94.43,30.18,1702,3.2637
file-read,node,21,13,26.85,285.82,30.12,1942,4.1649
file-read,bun,22,13,18.06,88.04,30.18,1638,3.3278
file-read,node,22,13,27.30,280.11,30.18,1900,4.3365
file-read,bun,23,13,17.69,88.16,30.20,1509,3.5403
file-read,node,23,13,26.96,286.12,30.19,1900,4.2837
file-read,bun,24,13,18.20,101.60,30.22,1632,3.3696
file-read,node,24,13,27.19,256.98,30.18,1913,4.2897
file-read,bun,25,13,16.74,86.24,30.22,1542,3.2816
file-read,node,25,13,27.98,281.74,30.17,1900,4.4424
file-write,bun,1,13,8.90,28.71,30.13,3104,0.8638
file-write,node,1,13,18.72,26.83,30.13,4427,1.2740
file-write,bun,2,13,8.73,28.47,30.19,2654,0.9928
file-write,node,2,13,17.81,27.38,30.18,4196,1.2811
file-write,bun,3,13,8.32,28.83,30.14,3049,0.8228
file-write,node,3,13,18.96,29.04,30.14,4549,1.2565
file-write,bun,4,13,8.67,28.77,30.12,2951,0.8849
file-write,node,4,13,19.31,27.95,30.12,4557,1.2763
file-write,bun,5,13,8.11,28.61,30.16,2955,0.8279
file-write,node,5,13,18.65,27.96,30.15,4488,1.2528
file-write,bun,6,13,9.00,28.84,30.13,3209,0.8446
file-write,node,6,13,19.45,28.65,30.18,4609,1.2735
file-write,bun,7,13,8.55,28.60,30.13,3112,0.8279
file-write,node,7,13,19.43,27.51,30.14,4608,1.2711
file-write,bun,8,13,8.83,28.90,30.13,3095,0.8598
file-write,node,8,13,18.72,27.48,30.14,4524,1.2474
file-write,bun,9,13,8.16,28.84,30.14,3006,0.8185
file-write,node,9,13,18.41,28.11,30.14,4532,1.2246
file-write,bun,10,13,8.48,28.54,30.12,3012,0.8480
file-write,node,10,13,17.76,28.40,30.14,4324,1.2377
file-write,bun,11,13,8.49,29.63,30.15,3152,0.8121
file-write,node,11,13,18.02,28.17,30.20,4358,1.2489
file-write,bun,12,13,9.01,27.56,30.14,3112,0.8731
file-write,node,12,13,19.05,28.67,30.16,4609,1.2466
file-write,bun,13,13,8.19,29.06,30.15,2959,0.8344
file-write,node,13,13,19.47,28.51,30.15,4486,1.3083
file-write,bun,14,13,9.10,28.84,30.11,3084,0.8880
file-write,node,14,13,19.76,27.86,30.17,4599,1.2964
file-write,bun,15,13,6.85,28.83,30.23,2368,0.8750
file-write,node,15,13,19.43,28.09,30.14,4405,1.3293
file-write,bun,16,13,9.20,28.56,30.12,3113,0.8900
file-write,node,16,13,18.63,28.12,30.15,4525,1.2410
file-write,bun,17,13,8.50,28.57,30.15,3128,0.8191
file-write,node,17,13,15.26,27.49,30.17,3631,1.2677
file-write,bun,18,13,8.73,28.81,30.13,3098,0.8491
file-write,node,18,13,19.37,27.84,30.18,4586,1.2748
file-write,bun,19,13,8.90,28.69,30.14,3077,0.8719
file-write,node,19,13,18.72,27.99,30.15,4483,1.2589
file-write,bun,20,13,8.80,28.79,30.12,3075,0.8622
file-write,node,20,13,19.04,27.80,30.10,4568,1.2545
file-write,bun,21,13,8.39,29.37,30.15,2994,0.8449
file-write,node,21,13,14.57,26.44,30.21,3458,1.2731
file-write,bun,22,13,8.84,28.60,30.12,3101,0.8588
file-write,node,22,13,18.49,27.13,31.13,4409,1.3053
file-write,bun,23,13,8.43,28.51,30.11,3148,0.8062
file-write,node,23,13,19.14,28.35,30.33,4445,1.3061
file-write,bun,24,13,8.99,28.74,30.12,3070,0.8816
file-write,node,24,13,18.61,28.96,30.14,4387,1.2785
file-write,bun,25,13,8.45,28.43,30.15,3101,0.8214
file-write,node,25,13,18.66,28.46,30.16,4469,1.2593
json,bun,1,13,98.60,89.92,30.09,6901,4.2994
json,node,1,13,103.18,85.54,30.10,4908,6.3282
json,bun,2,13,99.47,89.57,30.10,6814,4.3940
json,node,2,13,102.49,83.03,30.11,4977,6.2004
json,bun,3,13,98.95,84.93,30.09,6722,4.4295
json,node,3,13,103.23,84.14,30.12,4963,6.2649
json,bun,4,13,98.74,88.84,30.09,6719,4.4221
json,node,4,13,102.66,82.24,30.09,4983,6.1993
json,bun,5,13,98.33,84.66,30.09,6824,4.3360
json,node,5,13,103.62,77.10,30.11,4832,6.4569
json,bun,6,13,98.54,94.99,30.09,6744,4.3965
json,node,6,13,102.45,85.36,30.09,4993,6.1742
json,bun,7,13,98.55,92.26,30.08,6931,4.2771
json,node,7,13,101.65,91.60,30.11,5070,6.0366
json,bun,8,13,98.04,90.24,30.08,6868,4.2938
json,node,8,13,102.71,83.66,30.11,4933,6.2690
json,bun,9,13,98.72,83.87,30.08,6656,4.4612
json,node,9,13,101.38,84.56,30.09,5037,6.0564
json,bun,10,13,98.00,91.83,30.09,6804,4.3339
json,node,10,13,102.93,83.20,30.11,4954,6.2560
json,bun,11,13,98.51,83.56,30.08,6575,4.5065
json,node,11,13,102.61,84.73,30.10,4944,6.2468
json,bun,12,13,98.83,93.55,30.10,6726,4.4227
json,node,12,13,102.87,91.47,30.11,5033,6.1540
json,bun,13,13,98.70,86.88,30.09,6670,4.4528
json,node,13,13,101.04,83.55,30.11,5009,6.0740
json,bun,14,13,99.18,85.60,30.10,6756,4.4189
json,node,14,13,102.87,87.10,30.11,5015,6.1762
json,bun,15,13,98.57,92.41,30.09,6757,4.3894
json,node,15,13,102.57,85.10,30.11,4995,6.1830
json,bun,16,13,98.65,91.48,30.11,6870,4.3238
json,node,16,13,100.96,88.51,30.10,5049,6.0186
json,bun,17,13,98.51,88.82,30.08,6744,4.3939
json,node,17,13,100.87,84.22,30.10,5018,6.0505
json,bun,18,13,98.41,89.94,30.09,6770,4.3741
json,node,18,13,103.21,86.79,30.11,5054,6.1487
json,bun,19,13,99.12,85.52,30.08,6798,4.3861
json,node,19,13,102.64,84.75,30.10,4994,6.1865
json,bun,20,13,98.06,94.56,30.09,6887,4.2844
json,node,20,13,103.28,83.38,30.10,4973,6.2509
json,bun,21,13,98.88,92.70,30.10,6802,4.3758
json,node,21,13,101.38,84.18,30.12,5050,6.0467
json,bun,22,13,98.52,86.62,30.09,6829,4.3409
json,node,22,13,102.54,85.32,30.11,4951,6.2361
json,bun,23,13,98.47,89.97,30.09,6728,4.4039
json,node,23,13,100.95,82.59,30.11,5001,6.0780
json,bun,24,13,98.71,87.25,30.10,6745,4.4050
json,node,24,13,100.81,82.08,30.10,5006,6.0615
json,bun,25,13,99.05,88.44,30.09,6764,4.4062
json,node,25,13,101.60,86.25,30.11,5064,6.0410
simple,bun,1,13,75.77,52.72,30.10,592440,0.0385
simple,node,1,13,85.69,39.01,30.07,639950,0.0403
simple,bun,2,13,74.67,53.45,30.08,636330,0.0353
simple,node,2,13,81.05,40.93,30.06,663939,0.0367
simple,bun,3,13,74.38,53.49,30.09,655257,0.0342
simple,node,3,13,80.16,41.00,30.05,665521,0.0362
simple,bun,4,13,76.14,52.95,30.09,600343,0.0382
simple,node,4,13,79.93,41.39,30.08,619158,0.0388
simple,bun,5,13,75.75,53.30,30.09,627315,0.0363
simple,node,5,13,73.06,41.77,30.08,566723,0.0388
simple,bun,6,13,75.09,53.71,30.07,648738,0.0348
simple,node,6,13,78.65,41.13,30.08,668414,0.0354
simple,bun,7,13,75.07,54.53,30.09,645673,0.0350
simple,node,7,13,79.34,41.45,30.07,651714,0.0366
simple,bun,8,13,75.19,53.63,30.08,636590,0.0355
simple,node,8,13,78.37,40.86,30.06,656574,0.0359
simple,bun,9,13,76.81,53.70,30.08,662940,0.0349
simple,node,9,13,80.33,42.62,30.08,659341,0.0366
simple,bun,10,13,76.04,53.32,30.08,655959,0.0349
simple,node,10,13,79.64,40.58,30.07,668512,0.0358
simple,bun,11,13,75.57,54.27,30.09,639288,0.0356
simple,node,11,13,76.91,41.54,30.08,643069,0.0360
simple,bun,12,13,74.75,53.16,30.08,645576,0.0348
simple,node,12,13,79.16,41.54,30.08,654713,0.0364
simple,bun,13,13,74.19,53.86,30.09,656531,0.0340
simple,node,13,13,77.96,41.77,30.08,654047,0.0359
simple,bun,14,13,76.70,53.67,30.07,657847,0.0351
simple,node,14,13,77.53,41.29,30.08,651641,0.0358
simple,bun,15,13,75.18,53.33,30.09,646119,0.0350
simple,node,15,13,79.35,41.14,30.07,654593,0.0364
simple,bun,16,13,74.89,53.23,30.07,640904,0.0351
simple,node,16,13,78.56,41.16,30.07,660258,0.0358
simple,bun,17,13,76.64,53.73,30.07,670933,0.0344
simple,node,17,13,78.56,41.69,30.08,651760,0.0363
simple,bun,18,13,74.52,54.20,30.09,638475,0.0351
simple,node,18,13,77.56,41.02,30.07,652352,0.0358
simple,bun,19,13,75.93,53.95,30.07,652080,0.0350
simple,node,19,13,77.81,41.39,30.07,663177,0.0353
simple,bun,20,13,75.38,53.30,30.09,643124,0.0353
simple,node,20,13,79.07,41.49,30.06,657385,0.0362
simple,bun,21,13,75.69,54.14,30.09,650629,0.0350
simple,node,21,13,79.30,41.72,30.05,665535,0.0358
simple,bun,22,13,75.96,53.27,30.08,659621,0.0346
simple,node,22,13,77.99,41.12,30.06,661832,0.0354
simple,bun,23,13,75.53,52.84,30.10,645477,0.0352
simple,node,23,13,77.59,41.00,30.08,653631,0.0357
simple,bun,24,13,75.82,53.66,30.10,634557,0.0360
simple,node,24,13,80.52,41.42,30.06,672454,0.0360
simple,bun,25,13,76.34,53.95,30.11,664101,0.0346
simple,node,25,13,80.75,41.17,30.06,671034,0.0362
